#run,N_iterations,elapsed_time,min_power_loss,VG1,VG2,VG3,VG6,VG8,Tap4-7,Tap4-9,Tap5-6,Qsh9
1,50,199.144,12.9563,1.0911,1.05986,1.03138,1.0559,1.08617,1.00916,0.99127,0.961523,8.71559
