#run,N_iterations,max_it/run,elapsed_time,min_power_loss,VG1,VG2,VG3,VG6,VG8,Tap4-7,Tap4-9,Tap5-6,Qsh9
1,50,10,28.9345,13.5469,1.08253,1.04021,1.0315,1.04841,1.09776,1.04966,1.00772,0.996399,12.1968
2,50,10,25.6968,13.1691,1.07942,1.06433,1.0256,1.0571,1.04435,1.02813,1.04646,0.953692,13.044
